outletId,name,tierSource,currentTierNyc,currentTierLondon,proposedTierNyc,proposedTierLondon,change,total,dated,undated,first,last,activeYears,meanPerYear,medianPerYear,medianPerMonth,normalizedShare,share2015_19,share2022plus,nycReviews,londonReviews,justification,sources
nytimes,The New York Times,config,1,2,1,2,keep,878,878,0,1971-10-24,2026-10-05,42,20.9,14,0,0.07896,0.03163,0.02552,862,16,"The New York Times, the paper of record whose critics set the Broadway verdict; its London reviews are occasional and carry less market weight there. Keep the nyc1/lon2 split.",
nysr,New York Stage Review,config,2,2,2,2,keep,615,613,2,2018-02-22,2026-10-05,9,68.11,67,4,0.05575,0.02477,0.03959,615,0,"New York Stage Review, founded 2018 by veteran critics from the major dailies (Frank Scheck, David Finkle, Steven Suskin and others), one of the highest-volume voices in the 2022+ corpus. Matches T2.",
variety,Variety,config,1,2,1,2,keep,625,591,34,1988-01-26,2026-09-29,33,17.91,19,0,0.05426,0.02856,0.01506,612,13,"Entertainment trade paper of record with staff critics; 612 NYC reviews and the largest share of the corpus. T1 in NYC; 13 London reviews where it is a secondary voice, keep T2.",
newsday,Newsday,config,1,2,1,2,keep,366,286,80,1991-04-12,2019-12-05,22,13,14.5,0,0.05302,0.02007,0,366,0,"Newsday's Linda Winer was one of the market-setting NYC critics for decades (366 reviews, highest normPct in this batch) until coverage ended in 2019; defunct for theatre reviews. Keep NYC T1 as it stood when publishing.",
theater-life,Theater Life,config,2,2,2,2,keep,516,510,6,2007-01-18,2026-10-02,20,25.5,27,2,0.04721,0.01988,0.02002,516,0,"Long-running NYC theatre review site with 516 reviews from 2007 to 2026 and one of the highest steady shares of the NYC corpus in both periods. A regular, aggregator-recognized voice; keep T2.",
scheckontheater,Scheckontheater,registry,3,3,3,3,keep (registry),18,18,0,2011-03-23,2011-10-21,1,18,18,1,0.03455,0,0,18,0,"Frank Scheck's personal review site; Scheck is a recognized critic (Hollywood Reporter, NYSR). Only 18 reviews in 2011 (inactive since); keep T3.",
talkinbroadway,Talkin' Broadway,config,2,2,2,2,keep,464,448,16,1997-11-13,2026-09-29,28,16,11,0,0.03035,0.02223,0.01786,464,0,"Talkin' Broadway, a long-established theatre site with recognized regular critics and high sustained volume since 1997. Matches T2.",
backstage,Backstage,config,2,2,2,2,keep,93,61,32,2009-04-26,2013-04-25,5,12.2,15,1,0.02789,0,0,93,0,"Backstage, the long-running trade publication for performers, which ran regular reviews until 2013 (93 reviews). Defunct as a review source; keeps the T2 tier that reflected its standing.",
hollywood-reporter,The Hollywood Reporter,config,1,2,1,2,keep,407,376,31,1997-11-21,2026-09-02,19,19.79,23,0,0.02776,0.02838,0.00343,403,4,"The Hollywood Reporter is a major entertainment trade whose chief theatre critic (David Rooney) is one of the market-setting NYC voices, with 403 NYC reviews. Its London coverage is minimal (4 reviews), so the existing NYC T1 / London T2 split stands.",
dtli,Did They Like It,registry,3,3,3,3,keep (registry),40,40,0,2021-10-03,2022-12-20,2,20,20,2,0.02773,0,0.00253,40,0,"Did They Like It (didtheylikeit.com) is a review aggregator, not an outlet. All 40 rows link to didtheylikeit.com, so they are aggregator pages filed under a fake outlet and should be reattributed to the original critics. Tier kept at current until then.",
nydailynews,New York Daily News,config,2,2,2,2,keep,369,338,31,1979-03-03,2026-05-19,33,10.24,7,0,0.02748,0.02133,0.00523,369,0,"Major New York daily with long-serving staff critics (Joe Dziemianowicz and others), steady volume over decades. Matches T2.",
timeout,Time Out New York,config,1,3,1,3,keep,498,463,35,2006-04-27,2026-10-04,20,23.15,28,1,0.02702,0.02874,0.01714,498,0,"Time Out New York has a highly regarded chief critic and a steady 498 NYC reviews, but it is a listings and culture magazine, and the rubric places Time Out at T2 alongside TheaterMania and NY Post, not with the NYT, Vulture, Variety tier. London tier unchanged (no London reviews). Considered NYC T1 to T2, not proposed: Time Out New York has a long-serving chief critic and is a leading NYC voice, so T1 stands.",
wsj,The Wall Street Journal,config,1,2,1,2,keep,450,419,31,2000-10-25,2026-09-30,24,17.46,17,0,0.0265,0.02332,0.0156,450,0,National daily with a long-serving staff drama critic; 450 NYC reviews. Market-setting on Broadway; keep.,
washpost,The Washington Post,config,1,2,1,2,keep,330,328,2,1988-01-27,2026-07-15,25,13.12,10,0,0.02627,0.0188,0.01055,330,0,Major national daily with a long-serving chief theatre critic; 330 NYC reviews. Keep T1 in NYC.,
thewrap,The Wrap,config,2,2,2,2,keep,388,371,17,2013-10-07,2026-09-29,14,26.5,30.5,1,0.02545,0.02603,0.01614,388,0,Hollywood trade and entertainment news site with a long-serving theatre critic; 388 NYC reviews and sustained share. T2 fits.,
dctheatrescene,DC Theatre Scene,config,2,2,2,2,keep,142,142,0,2015-04-08,2020-02-07,6,23.67,28.5,1,0.02465,0.02513,0,142,0,"DC Theatre Scene, a Washington-area theatre site whose New York reviews came largely from Jonathan Mandell, with high volume 2015-2020. Kept at current tier.",
broadwaynews,Broadway News,config,1,2,2,2,move down,214,212,2,2017-04-02,2025-04-28,9,23.56,27,1,0.02455,0.01392,0.01046,214,0,"Broadway News (Broadway News, Inc.) is an active Broadway trade news site. Charles Isherwood reviewed for it from its 2017 launch until he became the Wall Street Journal critic in 2022; his 78 reviews here stay T1 either way because he is on the top-critics list. The other 136 reviews (mostly Brittani Samuel) are trade-site criticism comparable to TheaterMania, so propose NYC 1 to 2.",https://www.broadwaynews.com/ https://thestage.co.uk/opinion/wall-street-journal-hire-is-a-win-for-media-theatre-coverage
vulture,Vulture,config,1,2,1,2,keep,524,498,26,1997-11-15,2026-10-05,19,26.21,29,0,0.02429,0.02838,0.02065,524,0,New York magazine's culture site with a leading staff theatre critic; 524 NYC reviews. Market-setting on Broadway; keep.,
deadline,Deadline,config,1,2,1,2,keep,318,311,7,2014-09-12,2026-09-29,13,23.92,28,1,0.02428,0.0282,0.01154,318,0,"Deadline, a major entertainment trade publication with a staff Broadway critic, high sustained volume (318). Kept at nyc1/lon2.",
nypost,New York Post,config,2,2,2,2,keep,378,366,12,1991-04-14,2026-08-25,23,15.91,16,0,0.02402,0.01157,0.01308,378,0,"Major New York daily with a staff theatre critic (Johnny Oleksinski), steady presence in both periods. Matches T2.",
theatermania,TheaterMania,config,2,2,2,2,keep,513,498,15,2000-10-26,2026-10-05,26,19.15,9.5,0,0.024,0.01862,0.02796,513,0,"Major theatre-specialist site with staff critics, 513 NYC reviews and one of the largest shares of the corpus. Standard T2 per the rubric.",
nbcny,NBC New York,config,2,2,2,2,keep,128,97,31,2013-01-11,2017-07-11,5,19.4,17,1,0.02316,0.0103,0,128,0,NBC New York (Robert Kahn) reviewed Broadway regularly from 2013 to 2017 with 128 reviews and a high per-year share; its theatre coverage is now defunct. Keep T2 as it stood when publishing.,
front-row-center,Front Row Center,config,2,2,2,2,keep,368,368,0,2013-09-27,2026-09-29,14,26.29,25,1,0.02286,0.02296,0.01705,368,0,"Front Row Center is a long-running NYC theatre review site with 368 reviews since 2013 and sustained per-year share (normPct 2.3). It is a regular critical voice, keep T2.",
theater-scene,Theater Scene,config,2,2,2,2,keep,436,397,39,2015-08-21,2026-10-04,12,33.08,26.5,2,0.0223,0.01826,0.02579,436,0,Long-running NYC theatre review site with a stable of experienced critics; 436 reviews and rising share since 2022. Regular aggregator-recognized voice; keep T2.,
ew,Entertainment Weekly,config,2,2,2,2,keep,435,366,69,1997-12-05,2026-09-28,21,17.43,20,0,0.02067,0.02766,0.01046,435,0,"Entertainment Weekly, a national entertainment magazine with sustained theatre coverage (435 reviews). Kept at T2.",
amny,amNewYork,config,2,2,2,2,keep,370,314,56,2009-03-01,2026-08-25,18,17.44,18,1,0.02011,0.02404,0.00857,370,0,"amNewYork, a free New York daily with a long-serving theatre critic (Matt Windman) and sustained volume (370 reviews since 2009). Fits T2 as an established local daily.",
chicagotribune,Chicago Tribune,config,2,2,2,2,keep,311,298,13,2006-11-03,2026-10-01,21,14.19,14,0,0.01938,0.01826,0.01073,311,0,"Chicago Tribune, whose long-serving critic Chris Jones is one of the most read US theatre critics, with sustained volume (311 reviews). Kept at T2.",
theatrely,Theatrely,config,2,2,2,2,keep,196,151,45,2021-08-25,2026-10-04,6,25.17,26,1,0.01934,0,0.01281,196,0,NYC theatre site founded 2021 with a team of contributors and an editor; 196 reviews and a high share of the 2022+ corpus. Regular aggregator-recognized voice; keep T2.,
usatoday,USA Today,config,2,2,2,2,keep,240,240,0,2003-10-30,2026-09-15,20,12,7.5,0,0.01824,0.00976,0.00406,240,0,National daily with a long-serving theatre critic; 240 NYC reviews. Major daily fits T2.,
ny1,NY1,config,2,2,2,2,keep,184,149,35,2010-04-15,2020-02-20,11,13.55,9,1,0.01585,0.02205,0,184,0,New York cable news channel whose theatre critic Roma Torre was a recognized Broadway reviewer and a strong regular presence in 2015-2019. Theatre reviews stopped in 2020 (defunct as a review source); keep the tier that reflected its standing.,
guardian,The Guardian,config,1,1,1,1,keep,442,441,1,1986-02-27,2026-10-02,22,20.05,12,0,0.01542,0.02151,0.02453,252,190,The Guardian is a major international paper; its London critics (Arifa Akbar and others) set the market and its US theatre coverage (Alexis Soloski and others) is a regular NYC voice with 252 NYC reviews. Keep T1 in both markets.,
nyt-theater,New York Theater,config,2,2,2,2,keep,315,312,3,2010-01-31,2026-10-05,16,19.5,10.5,0,0.01498,0.01012,0.02011,314,1,"New York Theater, Jonathan Mandell's long-running site; largely single-author but by a veteran journalist, picked up by aggregators and very consistent in volume since 2010. Keep T2.",
the-komisar-scoop,The Komisar Scoop,registry,3,3,3,3,keep (registry),141,140,1,2007-02-02,2026-04-27,19,7.37,8,0,0.01475,0.00542,0.00352,141,0,"Single-author site of journalist Lucy Komisar with 141 NYC reviews from 2007 to 2026 and sustained presence in both periods. Long-running and picked up by aggregators, so keep T3.",
broadwayworld,BroadwayWorld,config,2,2,2,2,keep,503,482,21,2005-12-04,2026-10-04,18,26.78,11,0,0.01451,0.01808,0.03175,322,181,"BroadwayWorld, the largest theatre news site with staff and contributor reviewers in both markets and the highest volume in the corpus (503). Kept at T2 in both markets.",
ap,Associated Press,config,1,3,1,3,keep,222,159,63,1991-05-19,2025-11-09,21,7.57,3,0,0.01343,0.00578,0.00126,222,0,"Associated Press, the national wire service whose Broadway reviews are syndicated across US papers; long-running presence (222 NYC reviews). Kept at nyc1; London tier unchanged as it does not review there.",
nytg,New York Theatre Guide,config,2,2,2,2,keep,332,322,10,2010-10-08,2026-10-04,14,23,10,0,0.01309,0.00633,0.02453,332,0,"New York Theatre Guide, an established theatre-specialist site with a roster of regular critics and strong 2022+ volume. Matches T2.",
one-minute-critic,1 Minute Critic,config,3,3,3,3,keep,113,102,11,2025-02-01,2026-10-06,2,51,51,4,0.01293,0,0.0092,113,0,"1 Minute Critic, a short-form review outlet with high 2025-2026 volume covering Broadway and Off-Broadway. Keep T3.",
bloomberg,Bloomberg,config,2,2,2,2,keep,88,76,12,2005-11-11,2018-03-16,6,12.67,16.5,0,0.0123,0.00018,0,88,0,"Bloomberg News ran regular theatre criticism (Jeremy Gerard, John Simon) until 2018; inactive since. Defunct as a theatre source; keeps the T2 tier from when it published.",
dailybeast,The Daily Beast,config,2,2,2,2,keep,253,202,51,2010-10-07,2026-01-08,15,13.47,9,0,0.01201,0.01265,0.01046,253,0,"The Daily Beast, a national news site with a regular theatre critic (Tim Teeman) and sustained volume (253). Kept at T2.",
new-jersey-newsroom,NJ Newsroom,config,3,3,3,3,keep,62,34,28,2009-09-29,2015-07-16,7,4.86,4,0,0.01119,0.00072,0,62,0,"NJ Newsroom was a New Jersey news site with a regular theatre reviewer (62 NYC reviews, 2009-2015); theatre coverage is defunct. Keep T3.",
pages-on-stages,Pages on Stages,registry,3,3,3,3,keep (registry),129,129,0,2021-11-02,2026-10-05,6,21.5,21.5,2,0.01084,0,0.01154,129,0,"Pages on Stages, a regular NYC theatre-specialist site with 129 reviews since 2021. Matches T3.",
towleroad,Towleroad,config,3,3,3,3,keep,62,57,5,2015-03-10,2019-11-17,5,11.4,12,0,0.01048,0.0103,0,62,0,"LGBTQ news blog that ran a regular theatre column from 2015 to 2019 (62 NYC reviews), now inactive. Keep the tier it held.",
observer,Observer,config,2,1,2,1,keep,212,204,8,1999-10-24,2026-09-12,21,9.71,7,0,0.00995,0.01229,0.00965,164,48,"In NYC this is the New York Observer (observer.com), a recognized arts outlet that fits T2. The London rows reflect The Observer (UK Sunday paper), which the tier guide places in T2 alongside the Independent and Daily Mail, so lon1 overstates it relative to the daily nationals that set the London verdict. Considered a London move to T2 (The Observer changed ownership in 2025 and its long-time critic retired), not proposed for lack of sourced evidence. Note: this id appears to hold both the New York Observer (NYC rows) and the UK Observer (London rows).",
stage-left,Stage Left,registry,3,3,3,3,keep (registry),35,35,0,2017-10-15,2019-04-30,3,11.67,7,1,0.00994,0.00633,0,35,0,"Stage Left, a NYC theatre review site active 2017-2019 (defunct in the corpus) with solid volume while active. Keep T3.",
new-york-sun,The New York Sun,config,2,2,2,2,keep,118,99,19,2022-04-22,2026-10-05,5,19.8,11,1,0.0092,0,0.00893,118,0,The New York Sun (relaunched online) has a regular NYC theatre critic with 118 reviews since 2022 and a solid per-year share. Keep T2.,
frontmezzjunkies,Front Mezz Junkies,config,3,3,3,3,keep,119,118,1,2015-12-17,2026-09-18,12,9.83,9,0,0.00844,0.01338,0.00361,118,1,Front Mezz Junkies is a single-editor NYC theatre site with aggregator pickup and 119 reviews since 2015. Keep T3.,
huffpost,HuffPost,config,2,2,2,2,keep,145,114,31,2011-03-25,2025-12-19,9,12.67,5,0,0.00843,0.01446,0.00009,143,2,"HuffPost carried NYC theatre reviews by known critics through its contributor platform (145 reviews, heavy in 2015-2019); theatre coverage has essentially stopped since 2022. Keep T2 as the tier that reflected its standing when it published.",
queerty,Queerty,config,3,3,3,3,keep,29,29,0,2022-04-26,2024-06-20,3,9.67,9,1,0.00828,0,0.00262,29,0,"Queerty, an LGBTQ news site with regular theatre reviews 2022-2024. Keep T3.",
thestage,The Stage,config,2,1,2,1,keep,287,278,9,2004-06-01,2026-10-02,16,17.38,9,0,0.0081,0.01139,0.01831,91,196,"UK theatre trade paper of record with staff critics; 196 London reviews and 91 NYC reviews. Market-setting in London (T1), established trade outlet in NYC (T2); keep the split.",
act-three-the-reviews,Act Three: The Reviews,registry,3,3,3,3,keep (registry),16,16,0,2016-01,2017-08-19,2,8,8,1,0.00759,0.00289,0,16,0,"Single-author Blogspot theatre blog (Doug Marino) active 2016-2017, now inactive. Kept at current tier.",
cititour,Cititour,config,2,2,2,2,keep,292,108,184,2014-01-12,2026-09-26,13,8.31,9,0,0.00744,0.00741,0.00532,292,0,"Cititour, a New York arts site whose reviews are written by veteran critic Brian Scott Lipton, with sustained volume since 2014 (292). Kept at T2.",
thereviewshub,The Reviews Hub,config,2,2,2,2,keep,160,158,2,2021-08-13,2026-10-04,6,26.33,4.5,0,0.00737,0,0.01407,0,160,"Keep T2. The Reviews Hub (formerly Public Reviews, rebranded 2015) lists about 150 reviewers and 10 editors across UK regions plus New York, describing them as experienced journalists, theatre professionals and arts graduates. A T3 move was considered on the belief that reviewers are volunteers, but the site does not say so, so the move is not proposed.",https://www.thereviewshub.com/about-us/
all-that-dazzles-uk,All That Dazzles (UK),registry,3,3,3,3,keep (registry),142,138,4,2021-08-20,2026-10-03,6,23,3.5,0,0.00679,0,0.01227,1,141,"UK theatre review site with heavy, sustained London volume since 2021 (141 London reviews). Semi-pro specialist site; kept at T3.",
as-her-world-turns,As Her World Turns,registry,3,3,3,3,keep (registry),14,14,0,2015-06-29,2016-06-27,2,7,7,0,0.00673,0.00253,0,14,0,"Personal theatre blog active 2015-2016, now inactive. Kept at current tier.",
village-voice,The Village Voice,config,2,2,2,2,keep,113,83,30,2000-04-11,2025-04-04,16,5.19,4,0,0.00669,0.00669,0.0009,113,0,"Historic NYC alternative weekly with established critics; 113 reviews, mostly before its 2018 print closure, little since. Effectively defunct for theatre; keep the T2 it held.",
theatres-leiter-side,Theatre's Leiter Side,registry,3,3,3,3,keep (registry),56,56,0,2015-07,2022-05-01,7,8,6,0,0.00659,0.00976,0.00009,56,0,"Single-author blog of theatre historian Samuel L. Leiter; 56 NYC reviews, mostly 2015 to 2019, last in 2022. Recognized critic, so keep T3.",
bobs-theater-blog,Bob's Theater Blog,registry,3,3,3,3,keep (registry),21,21,0,2015-10-07,2017-05-11,3,7,6,1,0.00657,0.0038,0,21,0,"Single-author theatre blog active 2015-2017, now inactive. Kept at current tier.",
wolf-entertainment-guide,Wolf Entertainment Guide,registry,3,3,3,3,keep (registry),37,37,0,2015-12-20,2019-04-18,5,7.4,7,0,0.0065,0.00669,0,37,0,"Small entertainment review site with 37 NYC reviews from 2015 to 2019, inactive since. Keep.",
telegraph,The Telegraph,config,2,1,2,1,keep,174,168,6,2009-09-29,2026-10-01,17,9.88,5,0,0.00646,0.00597,0.01055,53,121,"The Telegraph, a UK national daily whose critics set the London verdict; its NYC reviews are a secondary market. Keep nyc2/lon1.",
broadway-blog,Broadway Blog,config,2,2,2,2,keep,83,54,29,2014-01-21,2023-04-27,10,5.4,4,0,0.00645,0.00759,0.00063,83,0,"Keep T2. The Broadway Blog is a NYC theatre site associated with Matthew Wexler. A T3 move was considered (it may be inactive; the site returned 503 and no 2026 posts were found) but its editorial model could not be verified, and defunct outlets keep the tier they held while publishing.",https://mediablog.prnewswire.com/2022/01/17/top-theater-blogs
latimes,Los Angeles Times,config,1,1,1,1,keep,84,82,2,2006-12-01,2026-10-05,19,4.32,4,0,0.00643,0.00416,0.00289,84,0,The Los Angeles Times is a major national paper whose chief theatre critic (Charles McNulty) reviews notable NYC productions; 84 NYC reviews. Keep T1; it does not review London shows.,
loureviews,LouReviews,registry,3,3,3,3,keep (registry),60,60,0,2025-05-13,2026-10-02,2,30,30,2,0.00634,0,0.00541,0,60,LouReviews appears to be a single-author London review blog with 60 reviews since 2025 and a sizeable recent share. Keep T3.,
newyorker,The New Yorker,config,1,2,1,2,keep,116,111,5,1996-02-19,2026-09-24,18,6.17,4.5,0,0.0063,0.00506,0.00586,116,0,"The New Yorker is a market-setting NYC publication with staff critics (Vinson Cunningham, Helen Shaw); 116 NYC reviews. Keep NYC T1; it does not review London shows.",
scribicide,Scribicide,registry,3,3,3,3,keep (registry),33,33,0,2015-04-22,2019-06-14,5,6.6,8,0,0.00595,0.00597,0,33,0,"Scribicide, a small theatre review site active 2015-2019 (defunct in the corpus). Keep current T3.",
reviewing-the-drama,Reviewing The Drama,registry,3,3,3,3,keep (registry),20,19,1,2015-12-16,2017-04-27,3,6.33,6,1,0.00595,0.00343,0,20,0,Small theatre review site active 2015-2017 (defunct in the corpus). Keep current T3.,
financialtimes,Financial Times,config,2,1,2,1,keep,171,156,15,1999-10-21,2026-10-02,19,8.21,4,0,0.00587,0.00813,0.00812,78,93,"The Financial Times is a major international paper; in London its staff critics (Sarah Hemming and others) are among the critics who set the market, while its NYC coverage is a respected but secondary voice. The existing NYC T2 / London T1 split reflects that and it reviews in both markets.",
faster-times,Faster Times,registry,3,3,3,3,keep (registry),5,5,0,2010-04-26,2011-11-07,2,2.5,2.5,0,0.00575,0,0,5,0,Defunct online magazine (2010-2011) with only 5 NYC reviews; a small multi-contributor site. Keep T3 as it stood when publishing.,
gotham-playgoer,Gotham Playgoer,registry,3,3,3,3,keep (registry),32,32,0,2015-09-21,2019-05-30,5,6.4,6,0,0.00552,0.00578,0,32,0,Gotham Playgoer was a single-author Blogspot theatre blog with 32 NYC reviews (2015-2019) that appeared in aggregator coverage at the time; now inactive. Keep T3.,
everything-theatre,Everything Theatre,config,2,2,2,3,move down,114,113,1,2021-11-03,2026-10-04,6,18.83,5,0,0.00549,0,0.0101,0,114,"Everything Theatre describes itself as a 100% volunteer-run collective (founded 2011 as a two-person blog, now 60+ volunteers with volunteer editors), mostly covering London fringe and Off-West End. That editorial model fits T3, not the professional T2 outlets; propose London 2 to 3.",https://everything-theatre.co.uk/2025/02/feature-the-return-of-the-etties/ https://everything-theatre.co.uk/join-our-team/review-editors/
digital-journal,Digital Journal,config,4,4,4,4,keep,27,27,0,2024-03-22,2026-02-19,3,9,10,1,0.00543,0,0.00244,27,0,"Digital Journal, a contributor-driven news site whose theatre coverage is incidental (27 reviews). Kept at T4.",
stagedtheatre,Staged Theatre,registry,4,4,4,4,keep (registry),30,30,0,2026-06-13,2026-10-02,1,30,30,7,0.0054,0,0.00271,1,29,"Unable to confirm the editorial model of stagedtheatre.co.uk, a London review site active since June 2026. Keep current T4.",
theatre-reviews-limited,Theatre Reviews Limited,registry,3,3,3,3,keep (registry),120,104,16,2015-10-08,2026-09-27,9,11.56,10,0,0.0052,0.00705,0.00586,120,0,"Long-running NYC theatre review site with 120 reviews from 2015 to 2026, steady presence. Semi-pro specialist site, keep T3.",
culturesauce,Culture Sauce,config,3,3,3,3,keep,170,166,4,2014-03-22,2026-10-05,7,23.71,3,0,0.00511,0.00054,0.01461,170,0,"Culture Sauce, a small site run by veteran critic Thom Geier (formerly Entertainment Weekly), with strong recent volume (170 reviews). Kept at T3.",
london-box-office,London Box Office,config,2,2,2,2,keep,209,193,16,2014-02-13,2026-10-01,10,19.3,4,0,0.00509,0.00127,0.01623,0,209,"London Box Office is a ticket seller that also publishes reviews and appears as an aggregator source in this project's pipeline, so some rows may be misattributed aggregator data rather than its own criticism. Flagged for review; keep current T2.",
melindas-malarky,Melinda's Malarky,registry,3,3,3,3,keep (registry),11,11,0,2018-03,2019-05,2,5.5,5.5,0,0.00479,0.00199,0,11,0,"Single-author Blogspot blog with 11 NYC reviews (2018-2019), likely aggregator pickup at the time; inactive. Keep T3.",
exeunt-magazine,Exeunt Magazine,config,2,2,2,2,keep,144,106,38,2015-12-06,2026-10-05,11,9.64,6,0,0.00476,0.00343,0.00767,144,0,"Exeunt NYC is a multi-contributor critical theatre magazine with an editor and longform reviews of Broadway and Off-Broadway, active for a decade with steady volume. Its standing as a recognized specialist outlet fits T2.",
theatre-weekly,Theatre Weekly,config,2,2,2,2,keep,98,92,6,2021-12-13,2026-10-05,6,15.33,3.5,0,0.00471,0,0.00821,0,98,"Keep T2. Theatre Weekly is an active UK theatre news and review site with named bylines and a reviewer recruitment programme. A T3 move was considered on the belief that contributors are mostly volunteers, but that could not be verified (its about page returns 404), so no move is proposed.",https://theatreweekly.com/
west-end-best-friend,West End Best Friend,registry,3,3,3,3,keep (registry),83,81,2,2023-05-10,2026-10-02,4,20.25,4,0,0.00463,0,0.00731,0,83,London theatre blog with 83 reviews since 2023 and steady presence. Keep T3.,
off-script-with-dan-dwyer,Off Script with Dan Dwyer,registry,3,3,3,3,keep (registry),10,10,0,2018-11-02,2019-05-12,2,5,5,1,0.0046,0.00181,0,10,0,Small personal review site active only 2018-2019 (defunct). Keep current T3; too little evidence for a move.,
times-uk,The Times (UK),config,2,1,2,1,keep,182,168,14,1999-10-24,2026-10-05,13,12.92,3,0,0.00449,0.00054,0.01362,24,158,"UK national daily with staff critics; 158 London reviews and 24 NYC reviews. Market-setting in London, established but secondary on Broadway; keep the split.",
theatre-bee-uk,Theatre Bee,registry,3,3,3,3,keep (registry),5,5,0,2022-05-17,2022-06-02,1,5,5,2.5,0.00444,0,0.00045,0,5,Small UK theatre review site with 5 London reviews in mid 2022 only. Keep.,
london-theatre,London Theatre,config,2,2,2,2,keep,166,162,4,2011-11-24,2026-10-02,8,20.25,7,0,0.00441,0,0.01407,0,166,"LondonTheatre.co.uk is a long-running London theatre news and reviews site with a roster of named critics, 166 London reviews concentrated since 2022. Keep T2.",
theatreandtonic,Theatre and Tonic,registry,3,3,3,3,keep (registry),68,66,2,2024-10-17,2026-10-05,3,22,2,1,0.00437,0,0.00595,1,67,"London theatre review site active since late 2024 with 67 London reviews. Small specialist site, keep T3.",
bsonarts,Bsonarts,registry,3,3,3,3,keep (registry),11,11,0,2017-03-12,2018-12-06,2,5.5,5.5,0,0.00436,0.00199,0,11,0,"Personal arts blog active 2017-2018, now inactive. Kept at current tier.",
philadelphia-inquirer,The Philadelphia Inquirer,config,2,2,2,2,keep,47,47,0,2006-12-11,2026-04-09,11,4.27,1,0,0.00422,0.00145,0.00027,47,0,"The Philadelphia Inquirer, a major metropolitan daily whose critics occasionally review Broadway. Keep T2.",
the-spy-in-the-stalls,The Spy in the Stalls,registry,4,4,4,4,keep (registry),23,23,0,2026-07-10,2026-10-02,1,23,23,4,0.00414,0,0.00207,0,23,Small London theatre blog that started in 2026 (23 reviews). Keep T4.,
backstage-barbie,BackStage Barbie,registry,3,3,3,3,keep (registry),13,13,0,2015-11-03,2017-03-12,3,4.33,5,0,0.00401,0.00235,0,13,0,"Single-author Blogspot theatre blog active 2015-2017, now inactive. Kept at current tier.",
stagezine,StageZine,config,4,4,4,4,keep,94,92,2,1988-01-28,2026-04-25,10,9.2,4.5,0,0.00399,0.01537,0.00009,94,0,"StageZine, a NY/NJ theatre site with notable 2015-2019 volume but almost none since 2022. Keep current T4; no clear evidence of higher standing.",
a-youngish-perspective,A Youngish Perspective,registry,3,3,3,3,keep (registry),38,38,0,2025-05-16,2026-10-04,2,19,19,2,0.00398,0,0.00343,0,38,UK theatre review blog active since 2025 with steady London volume (38 reviews). Smaller semi-pro outlet; kept at T3.,
whatsonstage,WhatsOnStage,config,2,2,2,2,keep,169,158,11,2013-01-21,2026-10-02,9,17.56,3,0,0.00396,0.00036,0.01362,7,162,Established UK theatre-specialist site with professional critics; 162 London reviews. Standard T2 per the rubric.,
north-west-end,North West End,registry,3,3,3,3,keep (registry),21,21,0,2026-02-12,2026-10-04,1,21,21,2,0.00378,0,0.00189,1,20,Regional UK theatre review site with a team of volunteer reviewers covering the North West and some London shows. Recent entrant (2026) with modest volume; the current T3 fits.,
liamodell,Liam O'Dell,registry,3,3,3,3,keep (registry),35,35,0,2025-05-20,2026-09-28,2,17.5,17.5,1,0.00371,0,0.00316,1,34,Liam O'Dell is a freelance journalist whose own site carries 34 London reviews since 2025; single-author but a working journalist rather than a hobby blogger. Keep T3.,
curtainup,CurtainUp (defunct),config,2,2,2,2,keep,129,45,84,1996-11-20,2020-03-08,12,3.75,2,0,0.00364,0.00615,0,129,0,"CurtainUp, a long-running online theatre magazine with a stable of critics, defunct since 2020 after 129 reviews. Keeps the T2 tier from when it published.",
stageandcinema,Stage and Cinema,config,3,3,3,3,keep,106,106,0,2010-10-23,2026-10-05,14,7.57,2,0,0.00364,0.00127,0.00794,106,0,"Stage and Cinema, a multi-contributor theatre site with an editor and rising 2022+ volume. Keep T3.",
daily-mail,Daily Mail,config,2,1,2,1,keep,150,148,2,1997-11-21,2026-10-04,13,11.38,2,0,0.00362,0.00054,0.01209,7,143,"Daily Mail, a national UK tabloid with a staff critic (Patrick Marmion) and sustained London volume (143 reviews). The tier brief lists the Daily Mail among T2 London outlets, below the Guardian, Times and Telegraph, so lon1 is out of line. Considered a London move to T2 (mass-market tabloid next to the broadsheets at T1), not proposed: the evidence was the audit rubric, not the outlet. Owner call.",
theater-pizzazz,Theater Pizzazz,config,4,4,3,3,move up,177,79,98,2014-03-28,2026-10-05,12,6.58,2.5,0,0.00356,0.00253,0.00568,177,0,"TheaterPizzazz.com is a NYC theatre site founded 2012, run by an editor/publisher with about 18 contributing writers, including established critics such as Carol Rocamora and Samuel L. Leiter, and a named chief theatre critic (Ron Fassler, 2026). With 177 NYC reviews that is a multi-contributor site with an editor, so T3 fits better than the T4 blog floor.",https://www.theaterpizzazz.com/meet-the-contributing-writers/ https://theaterpizzazz.com/ron-fassler-named-chief-theatre-critic-at-theater-pizzazz/
la-voce-di-new-york,La Voce di New York,registry,3,3,3,3,keep (registry),27,27,0,2025-07-11,2026-09-23,2,13.5,13.5,2,0.00355,0,0.00244,27,0,"La Voce di New York is an Italian-language New York news site with editorial staff, 27 NYC reviews since 2025. Keep T3.",
readaboutstuff,readaboutstuff,registry,3,3,3,3,keep (registry),33,33,0,2025-12-19,2026-10-04,2,16.5,16.5,2,0.00353,0,0.00298,0,33,readaboutstuff.com appears to be a small London review site with 33 reviews since December 2025; its editorial model is unclear. Keep current tier.,
the-recs,The Recs,config,3,3,3,3,keep,40,37,3,2025-07-02,2026-10-05,2,18.5,18.5,1,0.00352,0,0.00334,32,8,"Small recommendations and review site (therecs.co.uk) with 40 reviews since mid 2025, mostly on NYC shows. I cannot confirm its editorial model, so keep the current tier.",
theater-news-online,Theater News Online,config,3,3,3,3,keep,34,19,15,2014-04-22,2020-01-21,5,3.8,4,0,0.00345,0.00307,0,34,0,"NYC theatre news and review site, 34 reviews from 2014 to 2020, now inactive (likely defunct). Keep the tier it held.",
northjerseycom,NorthJersey.com,config,2,2,2,2,keep,152,45,107,2003-10-31,2025-05-01,11,4.09,4,0,0.00335,0.00343,0.00018,152,0,"Website of The Record and other North Jersey daily papers, whose staff theatre critics (for example Robert Feldberg) reviewed Broadway for decades. Coverage has faded since 2022, but its standing as an established daily supports keeping T2.",
dc-theater-arts,DC Theater Arts,config,4,4,3,3,move up,22,22,0,2020-02-07,2026-07-08,5,4.4,5,0,0.00333,0,0.0018,22,0,"DC Theater Arts (dctheaterarts.org) is the renamed DC Metro Theater Arts, founded 2012 and run as the nonprofit Metro Theater Arts with an editor-in-chief. Its old id dc-metro-theater-arts is T3, so propose 4 to 3 so the two ids match.",https://dctheaterarts.org/2012/03/04/welcome-to-dcmetrotheaterarts/ https://www.americantheatre.org/2024/09/20/editor-publisher-nicole-hertvik-steps-down-from-dc-theater-arts/
standard,Evening Standard,config,2,1,2,1,keep,137,131,6,1999-10-20,2026-10-02,15,8.73,2,0,0.00333,0.0009,0.01055,1,136,"Evening Standard, a London daily whose critics set the West End verdict; NYC coverage is negligible. Keep nyc2/lon1.",
show-showdown,Show Showdown,registry,3,3,3,3,keep (registry),19,19,0,2015-10,2019-06-05,5,3.8,4,0,0.0033,0.00343,0,19,0,"Show Showdown, a personal theatre blog active 2015-2019. Keep current T3.",
plays-international,Plays International,registry,3,3,3,3,keep (registry),58,58,0,2023-12-19,2026-10-05,4,14.5,2.5,0,0.00329,0,0.00523,0,58,"Plays International, a long-running UK theatre magazine with regular London coverage since late 2023 in the corpus. Matches T3.",
stagebuddy,Stage Buddy,registry,3,3,3,3,keep (registry),79,48,31,2015-04-20,2026-09-28,9,5.33,4,0,0.00329,0.00343,0.00262,79,0,"StageBuddy, a NYC theatre-specialist site with multiple contributors and sustained volume since 2015. Keep T3.",
london-unattached,London Unattached,registry,4,4,4,4,keep (registry),34,34,0,2025-07-02,2026-10-02,2,17,17,0.5,0.00325,0,0.00307,0,34,London Unattached is a London lifestyle blog with occasional theatre reviews (34 since 2025) and no recognized-critic status. Keep T4.,
parade,Parade,config,2,2,2,2,keep,5,4,1,2018-03-28,2018-11-20,1,4,4,0,0.00324,0.00072,0,5,0,"Parade magazine, a national Sunday supplement; theatre reviews are incidental (5 in 2018). Kept at T2 per the default-keep rule, though it is a candidate for review if more data appears.",
broadway-and-me,Broadway & Me,config,4,4,4,4,keep,44,44,0,2015-10-01,2026-04-11,11,4,3,0,0.00324,0.00235,0.00253,44,0,"Broadway & Me, a single-author blog by Jan Simpson with sustained volume since 2015 (44 reviews). Kept at current tier.",
this-week-in-new-york,This Week in New York,config,4,4,4,4,keep,57,54,3,2017-04-10,2026-10-03,8,6.75,6.5,0,0.00318,0.00325,0.00316,57,0,NYC events newsletter (twi-ny.com) with largely single-author coverage; 57 reviews. Keep T4.,
lighting-and-sound-america,Lighting & Sound America,config,2,2,2,2,keep,218,44,174,2015-11-19,2026-08-25,10,4.4,4.5,0,0.00318,0.00235,0.00271,218,0,Lighting & Sound America is a professional theatre-technology trade magazine whose editors review NYC productions with design focus; 218 NYC reviews since 2015 with steady presence. Keep T2.,
theupcoming,The Upcoming,config,4,4,4,4,keep,36,31,5,2025-04-25,2026-10-01,2,15.5,15.5,1,0.00316,0,0.0028,1,35,London culture webzine with many unpaid contributors; 35 London reviews since 2025. Keep T4.,
stu-on-broadway,Stu on Broadway,registry,3,3,3,3,keep (registry),21,21,0,2011-04-03,2018-01,6,3.5,3,0,0.0031,0.00253,0,21,0,"Stu on Broadway, a single-author Broadway blog active 2011-2018 (defunct in the corpus). Keep current T3.",
independent,The Independent,config,2,1,2,1,keep,85,81,4,1999-10-21,2026-10-02,15,5.4,2,0,0.0031,0.00054,0.00595,13,72,"The Independent is a UK national with established theatre critics, a regular London voice (72 London reviews) and an occasional NYC reviewer (13). Keep NYC T2 / London T1.",
simon-seez,Simon Seez,registry,3,3,3,3,keep (registry),7,7,0,2016-01,2017-08-28,2,3.5,3.5,0,0.00297,0.00127,0,7,0,"Simon Seez, Simon Saltzman's blog; Saltzman is a long-time New Jersey theatre critic. Low volume 2016-2017; keep T3.",
musical-theatre-review,Musical Theatre Review,registry,3,3,3,3,keep (registry),66,21,45,2015-11-06,2021-11-17,6,3.5,3.5,0,0.00297,0.00362,0,23,43,"Musical Theatre Review is an established UK specialist site with named critics, 66 reviews across both markets (2015-2021) and inactive since. Keep T3 as it stood when publishing.",
carey-purcell,Carey Purcell,registry,3,3,3,3,keep (registry),6,6,0,2016-01-17,2017-02-23,2,3,3,0,0.00296,0.00108,0,6,0,Freelance theatre writer Carey Purcell with 6 reviews in 2016-2017 and no outlet domain recorded. Unclear what outlet carried these; kept at current tier.,
zeal-nyc,Zeal NYC,registry,3,3,3,3,keep (registry),44,17,27,2014-04-05,2018-07-27,5,3.4,3,0,0.00294,0.00289,0,44,0,"NYC lifestyle and culture site with 44 reviews from 2014 to 2018, inactive since. Keep the tier it held.",
center-on-the-aisle,Center On The Aisle,registry,3,3,3,3,keep (registry),13,13,0,2015-10-15,2018-10-31,4,3.25,3.5,0,0.00291,0.00235,0,13,0,"Small theatre review site active 2015-2018, now inactive. Kept at current tier.",
city-cabaret,City Cabaret,registry,3,3,3,3,keep (registry),29,14,15,2016-09-20,2019-05-13,4,3.5,2.5,0,0.00288,0.00253,0,29,0,"Cabaret and theatre review site active 2016-2019, now inactive. Kept at current tier.",
reflections-in-the-light,Reflections in the Light,registry,3,3,3,3,keep (registry),15,15,0,2014-04-05,2018-04,5,3,3,0,0.00287,0.00253,0,15,0,"Reflections in the Light, Lauren Yarger's Christian-perspective theatre blog, active in the corpus 2014-2018. Keep T3.",
njcom,NJ.com,config,2,2,2,2,keep,82,63,19,1997-11-14,2026-06-22,13,4.85,3,0,0.00282,0.00886,0.0009,82,0,"NJ.com carries the Star-Ledger's theatre criticism, a long-standing professional daily critic with 82 NYC reviews (mostly before 2020). Keep T2.",
chelsea-community-news,Chelsea Community News,config,4,4,4,4,keep,10,10,0,2022-12-20,2024-11-21,3,3.33,3,0,0.0028,0,0.0009,10,0,Hyperlocal Manhattan community news site with incidental theatre coverage (10 reviews). Kept at T4.,
newnownextcom,NewNowNext,registry,3,3,3,3,keep (registry),10,9,1,2017-11-13,2019-06-03,3,3,3,0,0.00279,0.00163,0,10,0,"NewNowNext was Logo TV's LGBTQ entertainment site with occasional theatre reviews (10, 2017-2019); defunct. Keep T3.",
timeout-london,Time Out London,config,2,1,2,1,keep,175,173,2,1999-10-27,2026-10-02,12,14.42,1,0,0.00276,0.00072,0.01488,1,174,"Time Out London is an established listings and culture magazine with staff critics and 174 London reviews, but the rubric's London T1 is the major national papers plus The Stage, and it lists Time Out at T2. NYC tier unchanged. Considered London T1 to T2, not proposed: Time Out London is a leading London theatre voice with an established chief critic, so T1 stands.",
monstagigz,Monstagigz,registry,3,3,3,3,keep (registry),24,24,0,2025-11-16,2026-10-04,2,12,12,1.5,0.00272,0,0.00216,0,24,Monstagigz appears to be a small UK music and theatre review blog with 24 London reviews since late 2025. Keep T3; not enough information to justify a move.,
londonpubtheatres,London Pub Theatres,registry,3,3,3,3,keep (registry),15,15,0,2026-01-12,2026-10-04,1,15,15,1,0.0027,0,0.00135,0,15,London Pub Theatres is a fringe-focused London magazine site with 15 reviews since 2026. Keep T3.,
out-magazine,Out Magazine,registry,3,3,3,3,keep (registry),16,15,1,2015-11-03,2019-05-06,4,3.75,3,0,0.00267,0.00271,0,16,0,"Out, a national LGBTQ magazine with occasional theatre reviews; no theatre reviews in the corpus since 2019. Keep T3.",
epoch-times,The Epoch Times,registry,3,3,3,3,keep (registry),19,9,10,2015-11-19,2017-09-02,3,3,3,0,0.00264,0.00163,0,19,0,"The Epoch Times, a national newspaper with regular theatre reviews in 2015-2017 (19). Kept at T3.",
the-jewish-chronicle,The Jewish Chronicle,registry,3,3,3,3,keep (registry),24,23,1,2025-01-29,2026-10-01,2,11.5,11.5,1,0.00263,0,0.00207,0,24,Long-running UK national Jewish weekly with a regular theatre critic; 24 London reviews since 2025. A niche-audience paper with a real critic fits T3.,
londontheatre1,LondonTheatre1,config,2,2,2,2,keep,125,124,1,2014-09-03,2026-10-03,6,20.67,4.5,0,0.0026,0,0.01109,0,125,"LondonTheatre1 is a long-running multi-reviewer London theatre site with 125 London reviews, mostly since 2022. Keep T2.",
british-theatre,British Theatre Guide,config,2,2,2,2,keep,98,98,0,2006-09-27,2026-10-02,8,12.25,2.5,0,0.00258,0,0.00839,1,97,"Keep T2 for now, but this id needs splitting before any tier call: 48 of its 98 rows link to British Theatre Guide (britishtheatreguide.info, a long-running UK review site with established critics), 9 to BritishTheatre.com (a smaller news and review site) and 41 have no URL. A T3 demotion was considered for BritishTheatre.com but would also hit the British Theatre Guide rows.",
on-off-broadway,On Off Broadway,registry,3,3,3,3,keep (registry),15,1,14,2010-04-22,2010-04-22,1,1,1,1,0.00255,0,0,15,0,"Small site with 15 reviews all dated to a single day in 2010, likely a bulk import or index page rather than a sustained outlet. Keep current T3.",
times-square-chronicles,Times Square Chronicles,config,4,4,4,4,keep,62,51,11,2015-10-12,2026-10-05,7,7.29,5,0,0.00253,0.00506,0.00207,62,0,NYC theatre and nightlife site (t2conline.com) with 62 reviews and a promotional slant. Keep T4.,
artsdesk,The Arts Desk,config,2,2,2,2,keep,125,99,26,2011-11-25,2026-10-01,8,12.38,4.5,0,0.00253,0.00018,0.00857,5,120,"The Arts Desk, a UK arts site staffed by former national-newspaper critics, with steady London volume (120 reviews). Matches the T2 anchor list.",
theatrecat,Theatrecat,registry,3,3,3,3,keep (registry),32,32,0,2023-05-10,2026-09-30,4,8,4.5,0,0.00252,0,0.00289,0,32,"Blog of Libby Purves, former chief theatre critic of The Times; 32 London reviews since 2023. Single-author, but a recognized critic, so T3 rather than T4.",
journal-inquirer,Journal Inquirer,registry,3,3,3,3,keep (registry),5,3,2,2018-04-30,2018-12-14,1,3,3,0,0.00243,0.00054,0,5,0,The Journal Inquirer is a small Connecticut daily newspaper; 5 NYC reviews in 2018. Keep T3 as a local paper.,
labor-press,Labor Press,registry,3,3,3,3,keep (registry),12,8,4,2016-01-01,2018-07-30,3,2.67,2,0,0.00243,0.00145,0,12,0,"LaborPress is a New York labor-news site with occasional theatre reviews (12, 2016-2018), now inactive for theatre. Keep T3.",
i-paper,The i,config,2,1,2,1,keep,46,39,7,2018-11-29,2026-09-24,7,5.57,4,0,0.00243,0.00018,0.00334,0,46,"The i is a UK national daily whose theatre critics are regulars in London review coverage (46 London reviews, rising since 2022). The existing London T1 / NYC T2 split stands; it does not review NYC shows.",
fordham-observer,Fordham Observer,registry,3,3,3,3,keep (registry),8,6,2,2017-12-09,2018-12-06,2,3,3,0,0.00242,0.00108,0,8,0,"Fordham University's Lincoln Center student newspaper, 8 NYC reviews in 2017-2018, now inactive. A student paper is at the low end of T3 but with aggregator-era pickup it stays at T3.",
drama-queen-nyc,Drama Queen NYC,registry,3,3,3,3,keep (registry),16,14,2,2015-10-14,2019-05-04,5,2.8,2,0,0.00241,0.00253,0,16,0,"Small New York theatre blog active 2015-2019, now inactive. Kept at current tier.",
broadway-showbiz,Broadway Showbiz,registry,3,3,3,3,keep (registry),8,8,0,2015-10-03,2017-04-29,3,2.67,3,0,0.0024,0.00145,0,8,0,"Small theatre blog active 2015-2017, now inactive. Kept at current tier.",
the-contending,The Contending,registry,3,3,3,3,keep (registry),20,20,0,2024-11-15,2026-07-06,3,6.67,5,0,0.00231,0,0.0018,20,0,The Contending appears to be a small culture site with 20 NYC reviews since late 2024; editorial model unclear. Keep current T3.,
firstnightmagazine,First Night Magazine,registry,3,3,3,3,keep (registry),23,23,0,2025-12-10,2026-10-02,2,11.5,11.5,1,0.00226,0,0.00207,0,23,A newer London theatre magazine site with 23 reviews since December 2025; a small specialist outlet. Keep T3.,
onandoffbroadwaytheaterreviews,Onandoffbroadwaytheaterreviews,registry,3,3,3,3,keep (registry),6,5,1,2018-03-16,2019-04-20,2,2.5,2.5,0,0.00225,0.0009,0,6,0,"Small theatre review blog active 2018-2019, now apparently inactive. Keep current T3.",
2ontheaisle,2ontheaisle,registry,3,3,3,3,keep (registry),8,8,0,2015-10-27,2017-05-27,2,4,4,0,0.00218,0.00145,0,8,0,Small WordPress theatre blog that covered Broadway in 2015-2017 and is now inactive. Kept at current tier as no evidence it ranks lower or higher.,
new-york-classical-review,New York Classical Review,registry,3,3,3,3,keep (registry),21,16,5,2024-01-01,2026-09-24,3,5.33,7,0,0.00212,0,0.00144,21,0,"New York Classical Review is a professional music criticism site with established critics, reviewing opera and music theatre in NYC (21 since 2024). Keep T3.",
off-off-online,Off Off Online,config,4,4,4,4,keep,65,65,0,2019-10-13,2026-10-05,4,16.25,4,0,0.00208,0.00018,0.00577,65,0,"OffOffOnline is a long-running multi-contributor site focused on Off-Off-Broadway, with growing 2022+ volume. It could argue for T3, but its scope is fringe-focused and the current T4 is defensible; keep.",
the-cultural-critic,The Cultural Critic,registry,3,3,3,3,keep (registry),6,5,1,2016-12-11,2017-11-09,2,2.5,2.5,0,0.00207,0.0009,0,6,0,"The Cultural Critic, a small review site active 2016-2017 (defunct in the corpus). Keep current T3.",
the-clyde-fitch-report,The Clyde Fitch Report,registry,3,3,3,3,keep (registry),21,7,14,2015-08-07,2017-11-12,3,2.33,2,0,0.00203,0.00127,0,21,0,"The Clyde Fitch Report, an arts and politics site with an editor and multiple contributors, active 2015-2017 in the corpus. Keep T3.",
simon-parris-man-in-chair,Simon Parris Man In Chair,registry,3,3,3,3,keep (registry),9,9,0,2015-03-30,2018-04-13,4,2.25,1.5,0,0.00203,0.00163,0,9,0,"Simon Parris: Man in Chair, an Australian single-author theatre blog with occasional NYC reviews 2015-2018. Keep current T3.",
diandra-reviews-it-all,Diandra Reviews It All,registry,3,3,3,3,keep (registry),5,5,0,2017-11-22,2018-11-20,2,2.5,2.5,0,0.00201,0.0009,0,5,0,"Personal review blog active 2017-2018, now inactive. Kept at current tier.",
magical-misstari-tour,Magical Misstari Tour,registry,3,3,3,3,keep (registry),7,7,0,2016-06,2018-09,3,2.33,2,0,0.00199,0.00127,0,7,0,"Single-author Blogspot blog with 7 NYC reviews (2016-2018), likely aggregator pickup at the time; inactive. Keep T3.",
adventuresintheatreland,Adventuresintheatreland,registry,3,3,3,3,keep (registry),11,11,0,2026-08-01,2026-10-02,1,11,11,5,0.00198,0,0.00099,0,11,UK theatre blog that began reviewing London shows in August 2026 (11 reviews). Too new to judge a move; kept at current tier.,
showbiz411,Showbiz411,registry,3,3,3,3,keep (registry),32,32,0,2010-11-04,2025-03-28,11,2.91,2,0,0.00196,0.0038,0.00054,32,0,"Showbiz411, Roger Friedman's entertainment news site with occasional theatre reviews, little activity since 2019. Keep current T3.",
wnyc,WNYC,config,2,2,2,2,keep,34,9,25,2016-04-30,2019-04-20,4,2.25,1.5,0,0.00195,0.00163,0,34,0,"New York public radio station with a regular theatre critic; 34 NYC reviews from 2016 to 2019, theatre reviews inactive since. Keep the T2 it held.",
flipsidereviews,Flipsidereviews,registry,3,3,3,3,keep (registry),5,4,1,2015-11-08,2016-01-16,2,2,2,1,0.00192,0.00072,0,5,0,"Single-author Blogspot blog with 5 NYC reviews in 2015-2016, likely picked up via an aggregator (Show Score) at the time; inactive since. Low volume alone does not justify a move, keep T3.",
theater-in-the-now,Theater In The Now,registry,3,3,3,3,keep (registry),6,2,4,2015-09-27,2015-11-06,1,2,2,1,0.00187,0.00036,0,6,0,"Small NYC theatre site with 6 reviews, all from late 2015, apparently defunct. Keep the tier it held.",
afridiziak-theatre-news,Afridiziak Theatre News,config,4,4,4,4,keep,26,26,0,2024-05-23,2026-10-01,3,8.67,1,0,0.00184,0,0.00234,0,26,"Long-running London site covering Black British theatre, with regular London reviews since 2024 (26). Niche specialist outlet; kept at current tier.",
broadway-journal,Broadway Journal,registry,3,3,3,3,keep (registry),8,4,4,2018-10-22,2019-04-24,2,2,2,1,0.00184,0.00072,0,8,0,"Small theatre review site active 2018-2019, now inactive. Kept at current tier.",
bachtrack,Bachtrack,registry,3,3,3,3,keep (registry),11,10,1,2025-09-25,2026-07-31,2,5,5,1,0.00184,0,0.0009,8,3,"Bachtrack, an international classical music, opera and dance review site with occasional theatre reviews in both markets (11). Kept at T3.",
fringereview,Fringereview,registry,3,3,3,3,keep (registry),18,18,0,2025-08-10,2026-10-03,2,9,9,1,0.00181,0,0.00162,0,18,"FringeReview is a UK multi-reviewer site covering fringe and London theatre, active with 18 London reviews since 2025. Keep T3.",
londonlivinglarge,Londonlivinglarge,registry,3,3,3,3,keep (registry),10,10,0,2026-08-03,2026-09-30,1,10,10,5,0.0018,0,0.0009,0,10,London Living Large appears to be a London lifestyle blog with 10 theatre reviews since August 2026. Keep T3; not enough information to justify a move.,
city-am,City A.M.,registry,3,3,3,3,keep (registry),29,26,3,2023-12-15,2026-10-02,3,8.67,4,0,0.00173,0,0.00234,0,29,"City A.M., a free London business daily with a regular theatre critic, steady since 2023 (29 London reviews). Kept at T3.",
radio-times,Radio Times,registry,3,3,3,3,keep (registry),22,19,3,2024-01-18,2026-10-02,3,6.33,3,0,0.00167,0,0.00171,0,22,"Radio Times, a national UK listings magazine whose theatre reviews are occasional but carry editorial oversight. Keep T3.",
south-london,South London,config,4,4,3,3,move up,16,16,0,2025-12-01,2026-09-28,2,8,8,1,0.00163,0,0.00144,0,16,"southlondon.co.uk is a local news site from Community Matters Media Ltd (publisher of Southwark News and South London Weekly) that runs bylined theatre reviews. It is not the South London Press, which closed in 2025. A local news publisher with editorial oversight fits T3 rather than the T4 blog floor.",https://www.southlondon.co.uk/ https://pressgazette.co.uk/publishers/regional-newspapers/south-london-press-closed/
sierz-co-uk,Aleks Sierz,registry,3,3,3,3,keep (registry),9,9,0,2026-02-03,2026-10-02,1,9,9,0,0.00162,0,0.00081,0,9,"Personal site of Aleks Sierz, a recognized UK critic and author (Theatre Record, The Arts Desk). Keep T3.",
theartsdispatch,Theartsdispatch,registry,3,3,3,3,keep (registry),9,9,0,2026-02-08,2026-09-27,1,9,9,0.5,0.00162,0,0.00081,1,8,"Substack newsletter with 9 reviews since 2026, mostly London. Likely single-author, but I cannot confirm who writes it, so keep the current tier.",
upstage-downstage,Upstage Downstage,registry,3,3,3,3,keep (registry),7,7,0,2016-04,2019-01,3,2.33,3,0,0.00161,0.00127,0,7,0,"Blogspot theatre blog with 7 NYC reviews from 2016 to 2019, inactive. Keep.",
film-festival-traveler,Film Festival Traveler,registry,3,3,3,3,keep (registry),11,6,5,2015-11-06,2017-12-13,2,3,3,0,0.00161,0.00108,0,11,0,"Small film-focused site whose theatre coverage was occasional (11 NYC reviews, 2015-2017, now inactive). Keep T3.",
slantmagazine,Slant Magazine,config,2,2,2,2,keep,56,30,26,2016-11-17,2026-08-25,8,3.75,2,0,0.00158,0.00036,0.00244,56,0,"Slant Magazine, an established film and culture magazine with an editor and regular theatre reviews since 2016. Keep T2.",
li-herald,Li Herald,registry,3,3,3,3,keep (registry),5,2,3,2017-04-02,2017-05-05,1,2,2,1,0.00156,0.00036,0,5,0,The Long Island Herald is a community weekly; 5 NYC reviews in 2017. Keep T3 as a local paper.,
susangrangercom,Susangranger.com,registry,3,3,3,3,keep (registry),5,2,3,2017-05-04,2017-11-29,1,2,2,0,0.00156,0.00036,0,5,0,Susan Granger's personal review site; Granger is a veteran film and theatre critic. Very low volume (2017); keep T3.,
newsweek,Newsweek,registry,3,3,3,3,keep (registry),11,5,6,2016-08-05,2022-03-29,4,1.25,1,0,0.00156,0.00054,0.00009,11,0,"Newsweek is a national news magazine with occasional theatre reviews (11, 2016-2022). Keep T3.",
hampstead-highgate-express,Hampstead & Highgate Express,registry,3,3,3,3,keep (registry),19,19,0,2023-05-11,2026-10-04,4,4.75,2,0,0.00153,0,0.00171,0,19,"The Ham&High is a long-standing North London local paper with a theatre critic, 19 London reviews since 2023. Keep T3 as a local paper.",
dc-metro-theater-arts,DC Metro Theater Arts,registry,3,3,3,3,keep (registry),8,8,0,2015-04-08,2019-04-28,5,1.6,1,0,0.00151,0.00145,0,8,0,"DC Metro Theater Arts, a Washington-area multi-contributor theatre site with an editor (active here 2015-2019). Kept at T3.",
theatre-is-easy,Theatre is Easy,registry,3,3,3,3,keep (registry),22,5,17,2009-03-23,2015-12-18,4,1.25,1,0,0.00151,0.00036,0,22,0,"Multi-contributor NYC theatre review site (theasy.com), 22 reviews from 2009 to 2015, inactive since. Keep the tier it held.",
cabaret-scenes,Cabaret Scenes,registry,3,3,3,3,keep (registry),17,17,0,2016-08-11,2025-06-04,5,3.4,3,0,0.00149,0.00289,0.00009,17,0,"Cabaret Scenes, a cabaret-focused magazine with occasional theatre reviews (17). Niche specialist outlet; kept at T3.",
cleveland-plain-dealer,The Cleveland Plain Dealer,registry,3,3,3,3,keep (registry),10,8,2,2025-01-09,2026-09-21,2,4,4,0,0.00147,0,0.00072,10,0,"The Cleveland Plain Dealer, a regional daily, reviewing touring productions (10). Kept at T3.",
4columns,4Columns,registry,3,3,3,3,keep (registry),11,3,8,2020-01-16,2026-01-08,3,1,1,0,0.00144,0,0.00009,11,0,"Online arts criticism magazine with established freelance critics, covering New York theatre occasionally (11 reviews). A small but edited outlet, which fits T3.",
theatreboard,theatreboard,registry,3,3,3,3,keep (registry),9,8,1,2026-06-20,2026-09-30,1,8,8,1.5,0.00144,0,0.00072,0,9,"Small site (theatreboard.com) with 9 London reviews since June 2026. I cannot tell what this outlet is, so keep the current tier.",
rolandcat,Rolandcat Reviews,registry,4,4,4,4,keep (registry),8,8,0,2026-06-26,2026-10-01,1,8,8,1,0.00144,0,0.00072,0,8,Single-author Substack newsletter with London reviews since June 2026. The current T4 fits.,
cote-notices,Cote Notices,registry,3,3,3,3,keep (registry),8,8,0,2026-04-07,2026-10-05,1,8,8,0,0.00144,0,0.00072,8,0,"Substack newsletter by David Cote, a long-established New York critic (formerly Time Out New York), active since 2026 (8 reviews). Kept at T3.",
fairypoweredproductions,Fairy Powered Productions,registry,4,4,4,4,keep (registry),8,8,0,2026-07-14,2026-09-26,1,8,8,3,0.00144,0,0.00072,0,8,Appears to be a small London blog with 8 reviews since July 2026 and no recognized-critic status. Keep T4.,
pinkprincetheatre,Pinkprincetheatre,registry,3,3,3,3,keep (registry),8,8,0,2026-07-15,2026-09-24,1,8,8,3,0.00144,0,0.00072,0,8,Unable to confirm what pinkprincetheatre.com is beyond a small London theatre review site active since July 2026. Keep current tier.,
unmissabletheatre,Unmissabletheatre,registry,3,3,3,3,keep (registry),8,8,0,2026-07-17,2026-09-22,1,8,8,2,0.00144,0,0.00072,0,8,"Small UK theatre review site, 8 London reviews since July 2026. Keep.",
theater-reviews-from-my-seat,Theater Reviews from My Seat,registry,3,3,3,3,keep (registry),10,3,7,2018-07-26,2019-04-17,2,1.5,1.5,0,0.00143,0.00054,0,10,0,"Small review site with 10 NYC reviews in 2018 and 2019, now inactive. Keep.",
national-review,National Review,registry,3,3,3,3,keep (registry),6,3,3,2018-04-27,2019-08-09,2,1.5,1.5,0,0.00143,0.00054,0,6,0,"National Review is a national political magazine whose theatre reviews were occasional (6, 2018-2019). Keep T3.",
rollingstone,Rolling Stone,config,2,2,2,2,keep,21,16,5,2011-03-25,2025-11-20,8,2,1.5,0,0.00143,0.00163,0.00045,21,0,"Rolling Stone, a major national magazine with occasional theatre reviews by staff writers. Keep T2.",
towncountry,Towncountry,registry,3,3,3,3,keep (registry),6,3,3,2016-08-01,2017-04-29,2,1.5,1.5,0,0.00142,0.00054,0,6,0,"Town and Country, national lifestyle magazine with incidental theatre coverage; 6 reviews in 2016 and 2017. Keep T3.",
the-spectator-uk,The Spectator (UK),config,2,2,2,2,keep,52,52,0,2013-03-30,2026-10-01,7,7.43,2,0,0.0014,0.00018,0.00442,0,52,Long-established UK weekly magazine with a regular staff theatre critic; 52 London reviews. Major magazine fits T2.,
medium,Medium,config,3,3,4,4,move down,20,15,5,2018-04-09,2026-07-04,4,3.75,2,0,0.00136,0.00235,0.00018,20,0,"Medium is a self-publishing blogging platform, not an outlet; the 20 NYC reviews are individual writers' posts with no editorial oversight. That matches the T4 definition of single-author blogs rather than T3.",https://medium.com/about
peconic-public-broadcasting,Peconic Public Broadcasting,registry,3,3,3,3,keep (registry),16,6,10,2015-11-09,2018-03-16,2,3,3,0,0.00134,0.00108,0,16,0,"Peconic Public Broadcasting (WPPB, Long Island public radio) ran theatre reviews 2015-2018 (defunct in the corpus). Keep T3 as a small regional outlet.",
nytheatre,Nytheatre,registry,3,3,3,3,keep (registry),23,5,18,2009-03-25,2017-04-06,3,1.67,2,0,0.00133,0.00036,0,23,0,"nytheatre.com (Martin Denton's long-running Off-Broadway review site, later nytheatre-wire); defunct, last review 2017. Keep the T3 it held while active.",
chicago-sun-times,Chicago Sun-Times,config,2,2,2,2,keep,15,14,1,2023-11-09,2026-10-02,4,3.5,2.5,0,0.00131,0,0.00126,15,0,"Chicago Sun-Times, a major big-city daily with a staff critic, reviewing pre-Broadway and touring productions (15). Kept at T2 as a major daily.",
parterre-box,Parterre Box,registry,3,3,3,3,keep (registry),15,15,0,2021-10-14,2026-09-28,5,3,1,0,0.00129,0,0.00126,15,0,"Parterre Box, a long-established opera site with an editor and multiple contributors; theatre reviews are occasional. Keep T3.",
onin,Onin,registry,3,3,3,3,keep (registry),7,7,0,2026-05-16,2026-10-02,1,7,7,1,0.00126,0,0.00063,0,7,Unable to confirm what onin.london is beyond a small London review site with 7 reviews since May 2026. Keep current tier.,
viewfromthegods,Viewfromthegods,registry,3,3,3,3,keep (registry),7,7,0,2026-04-03,2026-09-18,1,7,7,0.5,0.00126,0,0.00063,0,7,"Small UK theatre review site, 7 London reviews in 2026. Keep.",
vox,Vox,config,2,2,2,2,keep,9,8,1,2017-02-24,2023-06-29,5,1.6,1,0,0.00122,0.00108,0.00009,9,0,"National news site whose staff critic occasionally reviewed Broadway; 9 reviews to 2023. Low volume, but staff critics at a major outlet; keep.",
adriandimanlig,Adriandimanlig,registry,3,3,3,3,keep (registry),8,4,4,2017-11-19,2019-04-27,2,2,2,0,0.00121,0.00072,0,8,0,"Personal theatre review site active 2017-2019, now inactive. Kept at current tier.",
thisbroadsway,This Broadway,registry,3,3,3,3,keep (registry),6,6,0,2014-03-26,2018-04-08,3,2,1,0,0.00119,0.0009,0,6,0,"Small Broadway site with 6 reviews from 2014 to 2018, inactive. Keep.",
the-interested-bystander,The Interested Bystander,registry,3,3,3,3,keep (registry),26,7,19,2024-05-06,2026-09-21,3,2.33,2,0,0.00119,0,0.00063,26,0,"Small NYC theatre review site active since 2024 with 26 reviews. I cannot confirm its editorial model, so keep the current tier.",
pioneer-press,Pioneer Press,registry,3,3,3,3,keep (registry),9,9,0,2025-03-05,2026-09-16,2,4.5,4.5,0,0.00118,0,0.00081,9,0,"St. Paul Pioneer Press, a regional Minnesota daily reviewing touring productions. Matches T3 as a regional paper.",
pop-dust,Pop Dust,registry,3,3,3,3,keep (registry),5,3,2,2017-04-21,2018-05-01,2,1.5,1.5,0,0.00118,0.00054,0,5,0,"Popdust, a pop culture site with incidental theatre coverage (5 reviews, 2017-2018). Keep current T3.",
theatre-vibe,Theatre Vibe,config,4,4,4,4,keep,19,17,2,2024-05-27,2026-09-27,2,8.5,8.5,0,0.00118,0,0.00153,0,19,Small UK theatre blog with 19 London reviews since 2024. Keep T4.,
time,TIME,config,2,2,2,2,keep,10,8,2,1988-02-08,2014-04-22,5,1.6,1,0,0.00116,0,0,10,0,"National news magazine with a long-serving theatre critic; 10 NYC reviews, the last in 2014, so its theatre coverage is effectively defunct. Keep the T2 tier it held.",
the-three-tomatoes,The Three Tomatoes,registry,3,3,3,3,keep (registry),5,5,0,2015-08-21,2018-08-18,2,2.5,2.5,0,0.00114,0.0009,0,5,0,"Lifestyle website aimed at older women with occasional theatre reviews; 5 NYC reviews from 2015 to 2018, no recent activity. Keep.",
picksinsix,PicksInSix,registry,3,3,3,3,keep (registry),6,6,0,2025-06-12,2026-10-02,2,3,3,0,0.0011,0,0.00054,6,0,PicksInSix appears to be a personal review feature on conversationswithedtracy.com with 6 reviews since 2025. Keep current T3.,
timesofsandiego,timesofsandiego,registry,3,3,3,3,keep (registry),6,6,0,2025-08-14,2026-10-01,2,3,3,0,0.0011,0,0.00054,6,0,"Local San Diego news site with 6 reviews, likely of touring or pre-Broadway productions. Local outlet, T3.",
operawire,Operawire,registry,3,3,3,3,keep (registry),23,23,0,2018-04-18,2026-09-27,5,4.6,2,0,0.00109,0.00018,0.00198,23,0,"OperaWire, a multi-contributor opera news and review site whose theatre coverage overlaps only on opera-adjacent shows. Keep T3.",
josh-at-the-movies,Josh at the Movies,config,4,4,4,4,keep,12,12,0,2022-11-14,2026-10-02,4,3,2,0,0.00109,0,0.00108,12,0,Josh at the Movies is a single-author film blog with occasional NYC theatre reviews (12 since 2022). Keep T4.,
rhombus-rota,Rhombus Rota,registry,3,3,3,3,keep (registry),6,6,0,2026-06-06,2026-09-15,1,6,6,1.5,0.00108,0,0.00054,0,6,Unable to confirm what rhombusrota.co.uk is beyond a small UK review site with 6 reviews in 2026. Keep current tier.,
san-diego-union-tribune,San Diego Union-Tribune,registry,3,3,3,3,keep (registry),9,9,0,2023-03-06,2026-10-01,3,3,3,0,0.00106,0,0.00081,9,0,"San Diego Union-Tribune, a regional daily reviewing tours and transfers. Matches T3.",
dallasvoice,Dallasvoice,registry,3,3,3,3,keep (registry),6,6,0,2024-02-22,2026-02-19,3,2,2,0,0.00106,0,0.00054,6,0,"Dallas Voice, a regional LGBTQ weekly reviewing touring productions (6). Kept at T3.",
london-theatre-reviews,London Theatre Reviews,registry,3,3,3,3,keep (registry),24,23,1,2022-10-24,2026-10-02,3,7.67,1,0,0.00104,0,0.00207,0,24,"London Theatre Reviews is a multi-contributor London review site, 24 reviews since 2022. Keep T3.",
metro-uk,Metro UK,registry,3,3,3,3,keep (registry),9,8,1,2006-09-29,2026-04-01,7,1.14,1,0,0.00102,0.00036,0.00027,0,9,Metro is a UK national free daily with professional staff; occasional London theatre reviews (9). Keep T3.,
buffalorising,Buffalo Rising,registry,3,3,3,3,keep (registry),5,5,0,2025-03-27,2026-09-17,2,2.5,2.5,0,0.00101,0,0.00045,5,0,"Buffalo Rising, a local Buffalo, NY community news site reviewing touring productions (5). Kept at current tier.",
lost-in-theatreland,Lost in Theatreland,config,4,4,4,4,keep,5,5,0,2022-10-09,2025-12-16,4,1.25,1,0,0.00099,0,0.00045,0,5,Lost in Theatreland is a small London theatre blog with 5 reviews. Keep T4.,
express-uk,Express  (UK),config,4,4,4,3,move up,18,17,1,1999-10-20,2026-06-01,11,1.55,1,0,0.00096,0.00036,0.00099,0,18,The Daily Express is a UK national daily whose theatre reviews have come from professional critics such as Neil Norman (most recent found October 2024). A national daily fits T3 better than the T4 blog floor; propose London 4 to 3. It does not review NYC shows.,https://www.comedy.co.uk/people/neil_norman/press/ https://en.wikipedia.org/wiki/Neil_Norman
about-entertainment,About Entertainment (theater.about.com — defunct),config,3,3,3,3,keep,2,1,1,2015-11-01,2015-11-01,1,1,1,1,0.00094,0.00018,0,2,0,"Defunct theatre section of About.com (theater.about.com), closed around 2016-2017. Kept at the tier that reflected its standing while publishing.",
albany-times-union,Albany Times-Union,registry,3,3,3,3,keep (registry),7,6,1,2025-02-19,2026-05-20,2,3,3,0,0.00092,0,0.00054,7,0,"Regional daily newspaper in Albany, NY, reviewing a few Broadway or touring productions. Local paper fits T3.",
aaron-in-nyc,Aaron in NYC,registry,3,3,3,3,keep (registry),6,6,0,2025-09-05,2026-02-18,2,3,3,0.5,0.00092,0,0.00054,6,0,Small New York theatre blog with a handful of reviews since 2025. Kept at current tier; volume is low but not by itself grounds to demote.,
partially-obstructed-view,Partially Obstructed View,registry,3,3,3,3,keep (registry),5,5,0,2026-01,2026-09,1,5,5,1,0.0009,0,0.00045,1,4,"Partially Obstructed View, a long-running London theatre blog by a single author. Low volume in the corpus; keep current T3.",
cultural-capital,Cultural Capital,registry,3,3,3,3,keep (registry),5,5,0,2026-08-24,2026-09-28,1,5,5,2.5,0.0009,0,0.00045,0,5,Personal WordPress blog (Maryam Philpott) reviewing London shows since August 2026 (5). Kept at current tier.,
reviewsgate,ReviewsGate,registry,4,4,3,3,configure (move up),5,5,0,2026-04-16,2026-10-03,1,5,5,1,0.0009,0,0.00045,0,5,"Reviewsgate was a long-running UK theatre review site whose critics included veteran reviewer Timothy Ramsden; the domain no longer hosts theatre reviews, so it is defunct. A multi-contributor site with established critics sits at T3, not the T4 blog floor; defunct outlets keep the tier that matched their standing.",https://www.apgrd.ox.ac.uk/node/175760
seatplan,Seatplan,registry,3,3,3,3,keep (registry),5,5,0,2026-06-12,2026-09-24,1,5,5,1.5,0.0009,0,0.00045,0,5,"SeatPlan, a theatre seating and ticketing site that publishes reviews; low volume and a commercial editorial model. Keep current T3.",
revstanstheatreblog,Revstanstheatreblog,registry,3,3,3,3,keep (registry),5,5,0,2026-07-14,2026-09-16,1,5,5,1,0.0009,0,0.00045,0,5,"Rev Stan's Theatre Blog, a long-running single-author London theatre blog. Low volume; keep current T3.",
the-morning-star,The Morning Star,registry,3,3,3,3,keep (registry),5,5,0,2026-09-08,2026-09-25,1,5,5,5,0.0009,0,0.00045,0,5,UK national left-wing daily with a small circulation and a regular arts section; 5 London reviews. T3 fits.,
harry-theatre-life,Harry Theatre Life,registry,3,3,3,3,keep (registry),5,5,0,2026-06-24,2026-09-24,1,5,5,1.5,0.0009,0,0.00045,0,5,Appears to be a small London theatre blog with 5 reviews since June 2026. Keep current T3; not enough information to justify a move.,
uinterview,UInterview,registry,3,3,3,3,keep (registry),5,5,0,2014-03-24,2019-06-10,4,1.25,1,0,0.00088,0.00072,0,5,0,"Entertainment news and interview site with incidental theatre reviews, 5 reviews to 2019. Keep.",
indiewire,IndieWire,config,2,2,2,2,keep,2,2,0,2018-04-23,2021-09-13,2,1,1,0,0.00084,0.00018,0,2,0,"IndieWire is an established film and TV trade with professional staff; only 2 NYC theatre reviews (2018-2021). Low volume alone does not justify a demotion, keep T2.",
san-jose-mercury-news,San Jose Mercury News,registry,3,3,3,3,keep (registry),5,5,0,2025-06-06,2026-09-24,2,2.5,2.5,0,0.00083,0,0.00045,5,0,"San Jose Mercury News, a regional California daily reviewing tours. Matches T3.",
new-york-notebook,New York Notebook,registry,3,3,3,3,keep (registry),6,5,1,2025-09-30,2026-09-29,2,2.5,2.5,0,0.00083,0,0.00045,6,0,New York Notebook is a Substack with 6 NYC reviews since 2025. Keep current T3; not enough information to justify a move.,
new-city-stage,New City Stage,registry,3,3,3,3,keep (registry),9,8,1,2022-10-03,2026-10-01,5,1.6,1,0,0.00082,0,0.00072,9,0,New City Stage is a small NYC theatre site with 9 reviews since 2022. Keep T3.,
flicker-magazine,Flicker Magazine,registry,3,3,3,3,keep (registry),7,7,0,2025-12-19,2026-08-12,2,3.5,3.5,0,0.00082,0,0.00063,0,7,A small arts magazine with 7 London reviews since late 2025. Keep T3.,
boston-globe,Boston Globe,registry,3,3,3,3,keep (registry),17,15,2,2012-01-13,2026-09-17,7,2.14,1,0,0.0008,0.00018,0.00099,17,0,"The Boston Globe, a major regional daily, reviewing pre-Broadway and touring productions occasionally (17). Kept at T3 given incidental NYC coverage.",
londontheatredirect,Londontheatredirect,registry,3,3,3,3,keep (registry),16,16,0,2019-01-01,2026-10-02,3,5.33,7,0,0.00079,0.00018,0.00135,0,16,"London Theatre Direct is a ticket-selling site that also runs editorial reviews; 16 London reviews. Commercial ownership argues against promotion, keep T3.",
edge-new-york,Edge New York,registry,3,3,3,3,keep (registry),6,1,5,2017-02-24,2017-02-24,1,1,1,1,0.00078,0.00018,0,6,0,"EDGE Media Network's New York edition, an LGBTQ news site with a single-day batch of reviews in 2017. Kept at current tier.",
maryland-theatre-guide,Maryland Theatre Guide,registry,3,3,3,3,keep (registry),12,8,4,2024-09-26,2026-09-22,3,2.67,1,0,0.00076,0,0.00072,12,0,Maryland Theatre Guide is a regional multi-contributor theatre site with occasional NYC reviews (12 since 2024). Keep T3.,
minneapolis-star-tribune,Minneapolis Star Tribune,registry,3,3,3,3,keep (registry),5,4,1,2025-05-14,2026-06-03,2,2,2,0,0.00074,0,0.00036,5,0,The Star Tribune is a major Midwest regional daily with a professional critic; 5 NYC reviews. Keep T3 as a regional paper.,
thelivereview,Thelivereview,registry,3,3,3,3,keep (registry),6,6,0,2025-05-14,2026-10-03,2,3,3,0,0.00073,0,0.00054,0,6,"Small UK live entertainment review site, 6 London reviews since 2025. Keep.",
the-news-herald,The News Herald,registry,3,3,3,3,keep (registry),6,6,0,2025-09-15,2026-09-21,2,3,3,0,0.00073,0,0.00054,6,0,"Local Ohio daily newspaper with occasional Broadway or touring coverage (6 reviews). Local paper, T3.",
matineemouse,Matinee Mouse,registry,4,4,4,4,keep (registry),6,6,0,2025-05-14,2026-09-25,2,3,3,0,0.00073,0,0.00054,0,6,Matinee Mouse is a single-author Substack with 6 London reviews. Keep T4.,
the-knockturnal,The Knockturnal,registry,3,3,3,3,keep (registry),6,4,2,2026-08-04,2026-09-28,1,4,4,2,0.00072,0,0.00036,6,0,"NYC entertainment and lifestyle website with multiple contributors; only 6 reviews, all from 2026. Keep.",
metrmag,Metrmag,registry,3,3,3,3,keep (registry),6,4,2,2026-01-05,2026-08-14,1,4,4,0,0.00072,0,0.00036,6,0,Small outlet with 6 NYC reviews in 2026; I could not confirm what it is. Keep current T3.,
jks-theatre-scene,JK's Theatre Scene,config,4,4,4,4,keep,11,11,0,2014-03-21,2026-04-23,4,2.75,1,0,0.0007,0.00163,0.00009,11,0,"JK's Theatre Scene is a single-author NYC theatre blog with 11 reviews, mostly before 2020. Keep T4.",
oc-register,OC Register,registry,3,3,3,3,keep (registry),10,8,2,2022-02-11,2026-09-24,3,2.67,3,0,0.00065,0,0.00072,10,0,"Orange County Register, a regional California daily reviewing touring productions; small NYC-show volume. Matches T3 as a regional paper.",
west-end-wilma,West End Wilma,config,4,4,4,4,keep,23,22,1,2017-12-18,2026-10-02,4,5.5,2,0,0.00065,0.00036,0.0018,0,23,London theatre blog with 23 reviews. Keep T4.,
clevescene,clevescene,registry,3,3,3,3,keep (registry),5,5,0,2025-03-07,2026-09-21,2,2.5,2.5,0,0.00064,0,0.00045,5,0,"Cleveland Scene, a local alt-weekly, reviewing touring productions (5). Kept at T3.",
the-culture-mom,The Culture Mom,registry,3,3,3,3,keep (registry),5,2,3,2016-03-19,2018-07-26,2,1,1,0,0.00061,0.00036,0,5,0,"Small lifestyle and culture blog with occasional Broadway reviews, 5 NYC reviews between 2016 and 2018 and no recent activity. Semi-pro tier fits; keep.",
hollywood-soapbox,Hollywood Soapbox,config,4,4,4,4,keep,3,2,1,2024-10-21,2025-08-14,2,1,1,0,0.00061,0,0.00018,3,0,Small entertainment blog with 3 NYC reviews (2024-2025). Keep T4.,
mashable,Mashable,config,3,3,3,3,keep,17,8,9,2018-04-08,2026-08-29,4,2,1.5,0,0.00061,0.00036,0.00045,17,0,Mashable is a large digital media site with professional staff; theatre coverage is occasional (17 NYC reviews). Keep T3.,
artsfuse,The Arts Fuse,registry,3,3,3,3,keep (registry),17,14,3,2012-05-07,2026-09-21,5,2.8,1,0,0.00058,0.00018,0.00099,17,0,"The Arts Fuse, a Boston-based edited arts magazine with occasional New York coverage (17 reviews). Fits T3.",
chicago-reader,Chicago Reader,registry,3,3,3,3,keep (registry),7,7,0,2024-06-26,2026-10-02,2,3.5,3.5,0,0.00058,0,0.00063,7,0,"Chicago Reader, an established alt-weekly, reviewing touring productions occasionally (7). Fits T3 for NYC-market coverage.",
forward,The Forward,config,4,4,4,4,keep,14,12,2,2012-03-30,2026-03-24,7,1.71,2,0,0.00058,0.00072,0.00063,14,0,"The Forward is an established Jewish news publication whose theatre coverage is occasional (14 NYC reviews over 14 years). Theatre is incidental to its mission, which fits the current T4.",
fort-worth-star-telegram,Fort Worth Star-Telegram,config,3,3,3,3,keep,3,1,2,2025-11-13,2025-11-13,1,1,1,1,0.00056,0,0.00009,3,0,A regional Texas daily with professional staff; only 3 NYC reviews (November 2025). Keep T3 as a regional paper.,
jitney,The Jitney,config,4,4,4,4,keep,2,1,1,2025-11-18,2025-11-18,1,1,1,1,0.00056,0,0.00009,2,0,The Jitney (jitneybooks.com) appears to be a small literary/Hamptons outlet with 2 NYC reviews on one date. Keep T4.,
luxury-experience,Luxury Experience,config,4,4,4,4,keep,1,1,0,2025-08-14,2025-08-14,1,1,1,1,0.00056,0,0.00009,1,0,Lifestyle site with a single NYC theatre review; theatre is incidental. Keep T4.,
broadwayselect,Broadway Select,registry,3,3,3,3,keep (registry),17,3,14,2015-08-27,2019-01-14,3,1,1,0,0.00055,0.00054,0,17,0,"Small Broadway blog active 2015-2019, now inactive. Kept at current tier.",
rachelweinbergreviews,Rachelweinbergreviews,registry,3,3,3,3,keep (registry),5,4,1,2025-10-17,2026-09-28,2,2,2,0,0.00055,0,0.00036,5,0,Appears to be a personal theatre review site (5 reviews since late 2025). Keep current T3.,
hartford-courant,Hartford Courant,registry,3,3,3,3,keep (registry),14,12,2,2009-02-25,2026-10-01,5,2.4,1,0,0.00054,0.00018,0.0009,14,0,The Hartford Courant is an established Connecticut daily with a professional theatre critic; 14 NYC reviews. Keep T3 as a regional paper.,
1883magazine,1883magazine,registry,3,3,3,3,keep (registry),5,5,0,2023-12-18,2026-09-23,3,1.67,1,0,0.0005,0,0.00045,0,5,London-based fashion and culture magazine whose theatre coverage is occasional (5 London reviews since 2023). Kept at the default tier; no clear reason to move.,
blogcritics,Blogcritics,registry,3,3,3,3,keep (registry),15,15,0,2015-10-02,2026-09-29,4,3.75,2,0,0.0005,0.0009,0.0009,15,0,"Blogcritics, a multi-contributor culture blog network with occasional theatre reviews (15). Fits T3.",
av-club,The A.V. Club,config,4,4,4,4,keep,3,3,0,2025-04-05,2026-10-05,2,1.5,1.5,0,0.00046,0,0.00027,3,0,"The A.V. Club, a film and TV site whose theatre coverage is incidental (3 reviews). Kept at T4.",
splash-magazines,Splash Magazines,registry,3,3,3,3,keep (registry),7,7,0,2018-09-27,2026-10-03,4,1.75,1.5,0,0.00045,0.00054,0.00036,7,0,"Splash Magazines, a multi-city lifestyle site with occasional theatre reviews. Keep current T3.",
billboard,Billboard,config,2,2,2,2,keep,5,4,1,2015-10-01,2022-04-04,3,1.33,1,0,0.00044,0.00054,0.00009,5,0,"Billboard, a major music trade publication whose theatre reviews are incidental (5 over seven years). Kept at current tier; low volume alone is not grounds to demote.",
plays-to-see,Plays To See,registry,3,3,3,3,keep (registry),21,19,2,2016-05-03,2026-10-03,3,6.33,1,0,0.00042,0.00018,0.00162,3,18,"Plays To See, a multi-contributor UK review site covering London and some NYC shows. Matches T3.",
the-oakland-press,The Oakland Press,registry,3,3,3,3,keep (registry),5,5,0,2022-01-29,2026-04-17,3,1.67,1,0,0.00042,0,0.00045,5,0,"Local Michigan daily newspaper; 5 reviews over four years. Local paper, T3.",
america-magazine,America Magazine,config,4,4,4,4,keep,4,4,0,2018-03-27,2025-10-16,3,1.33,1,0,0.0004,0.00054,0.00009,4,0,Jesuit weekly magazine whose theatre coverage is incidental (4 reviews over seven years). Kept at T4.,
curtain-call-reviews,Curtain Call Reviews,config,4,4,4,4,keep,4,4,0,2024-07-20,2026-09-23,2,2,2,0,0.0004,0,0.00036,0,4,Small UK review blog with few London reviews (4). Kept at T4.,
lbc,Lbc,config,4,4,4,4,keep,2,2,0,2025-12-19,2026-04-08,2,1,1,0,0.00037,0,0.00018,0,2,LBC is a UK talk-radio station whose website ran 2 London theatre pieces; theatre is incidental to it. Keep T4.,
around-the-town-chicago,Around the Town Chicago,registry,3,3,3,3,keep (registry),5,2,3,2025-06-07,2026-06-30,2,1,1,0,0.00037,0,0.00018,5,0,Small Chicago-area arts site reviewing touring productions (5 reviews). Kept at current tier.,
people,People,config,2,2,2,2,keep,9,9,0,2018-03-22,2026-08-25,3,3,2,0,0.00036,0.00036,0.00063,9,0,"People magazine, a national entertainment weekly with occasional theatre reviews and very low volume. Kept at T2 per the default-keep rule.",
purewow,PureWow,config,4,4,4,4,keep,3,2,1,2026-04-21,2026-04-26,1,2,2,2,0.00036,0,0.00018,3,0,"PureWow, a lifestyle site with incidental theatre coverage (3 reviews). The current T4 fits.",
theatre-news,Theatre News,config,4,4,4,4,keep,2,2,0,2026-04-16,2026-07-11,1,2,2,0.5,0.00036,0,0.00018,0,2,Small UK theatre site with 2 reviews. Keep T4.,
the-globe-and-mail,The Globe and Mail,registry,3,3,3,3,keep (registry),6,5,1,2014-01-12,2026-09-27,5,1,1,0,0.00033,0.00036,0.00018,6,0,"Canada's national daily newspaper; its critics review Broadway only occasionally (6 NYC reviews). Its standing is high at home but it is not a regular voice on Broadway, so T3 is reasonable.",
londonist,Londonist,config,4,4,4,4,keep,4,3,1,2022-01-21,2026-04-17,3,1,1,0,0.00032,0,0.00027,0,4,Londonist is a London city-guide site whose theatre coverage is incidental (4 reviews). Keep T4.,
attitude,Attitude,config,4,4,4,4,keep,3,3,0,2022-05-27,2026-08-12,3,1,1,0,0.00032,0,0.00027,0,3,UK LGBTQ lifestyle magazine with incidental theatre coverage (3 London reviews). Kept at T4.,
the-queer-review,The Queer Review,config,4,4,4,4,keep,3,3,0,2023-01-17,2026-05-27,2,1.5,1.5,0,0.00032,0,0.00027,3,0,Small LGBTQ culture review site with 3 reviews total. Keep T4.,
popbytes,Popbytes,registry,3,3,3,3,keep (registry),5,5,0,2015-11-19,2026-06-30,3,1.67,1,0,0.0003,0.00054,0.00018,5,0,"Popbytes, a celebrity and pop culture blog with incidental theatre coverage (5 reviews). Keep current T3 under the default-keep rule.",
njarts,NJArts,registry,3,3,3,3,keep (registry),5,4,1,2019-03-11,2026-06-19,3,1.33,1,0,0.00029,0.00018,0.00027,5,0,NJArts.net is a New Jersey arts site run by a veteran journalist with contributors; 5 NYC reviews. Keep T3.,
toronto-star,Toronto Star,registry,3,3,3,3,keep (registry),5,5,0,2001-09-30,2026-06-20,5,1,1,0,0.00029,0,0.00009,5,0,Major Canadian daily; only 5 Broadway reviews over 25 years. Not a regular Broadway voice; keep T3.,
the-jewish-voice-and-opinion,The Jewish Voice and Opinion,config,4,4,4,4,keep,2,2,0,2024-04-17,2026-04-22,2,1,1,0,0.00028,0,0.00018,2,0,"Small community publication with incidental theatre coverage, 2 reviews total. T4 fits.",
dread-central,Dread Central,config,4,4,4,4,keep,2,2,0,2024-12-19,2026-02-04,2,1,1,0,0.00028,0,0.00018,2,0,"Dread Central, a horror film site with incidental theatre coverage (2 reviews). Kept at T4.",
nyc-theatre-addict,Nyc Theatre Addict,registry,3,3,3,3,keep (registry),5,5,0,2017-03-19,2026-07-30,2,2.5,2.5,0,0.00027,0.00054,0.00018,5,0,Appears to be a small personal theatre blog with only 5 reviews across nine years. Kept at the current T3 since there is no evidence to justify a move either way.,
third-coast-review,Third Coast Review,registry,3,3,3,3,keep (registry),6,5,1,2018-11-11,2026-09-28,4,1.25,1,0,0.00027,0.00018,0.00036,6,0,"Chicago arts and culture site with occasional touring or NYC coverage, 6 reviews. Keep T3.",
vogue,Vogue,registry,3,3,3,3,keep (registry),6,3,3,2015-11-13,2025-04-30,3,1,1,0,0.00022,0.00018,0.00018,6,0,"National fashion magazine with incidental theatre coverage, 6 reviews over ten years. Keep T3.",
theatre-south-east,Theatre South East,registry,3,3,3,3,keep (registry),8,8,0,2015-06-08,2026-09-16,3,2.67,1,0,0.00021,0.00018,0.00063,0,8,"Regional UK theatre review site focused on the south east, 8 London reviews. Keep.",
slate,Slate,config,2,2,2,2,keep,4,3,1,2018-04-08,2026-08-28,2,1.5,1.5,0,0.0002,0.00036,0.00009,4,0,"Slate, a national online magazine with very occasional theatre reviews. Keep T2 under the default-keep rule.",
gizmodo,Gizmodo,config,4,4,4,4,keep,1,1,0,2026-04-28,2026-04-28,1,1,1,1,0.00018,0,0.00009,1,0,Tech and culture site with a single NYC theatre review; theatre coverage is incidental. Keep T4.,
w42st,W42st,config,4,4,4,4,keep,1,1,0,2026-04-23,2026-04-23,1,1,1,1,0.00018,0,0.00009,1,0,Hyperlocal Hell's Kitchen community site with 1 review. Keep T4.,
yale-daily-news,Yale Daily News,config,4,4,4,4,keep,1,1,0,2026-03-27,2026-03-27,1,1,1,1,0.00018,0,0.00009,1,0,College student newspaper with 1 review. Keep T4.,
another-eye-opens,Another Eye Opens,config,4,4,4,4,keep,1,1,0,2026-04-14,2026-04-14,1,1,1,1,0.00018,0,0.00009,1,0,Substack newsletter by veteran critic Don Shewey with a single review in the corpus. Kept at current tier.,
jonathan-baz,Jonathan Baz,registry,3,3,3,3,keep (registry),17,1,16,2026-07-23,2026-07-23,1,1,1,1,0.00018,0,0.00009,0,17,"Jonathan Baz runs a single-author London theatre review blog known in fringe circles; 17 London reviews, all dated to one day, suggesting a bulk import. Keep T3.",
boston-com,Boston.com,registry,3,3,3,3,keep (registry),5,5,0,2011-03-24,2026-08-22,2,2.5,2.5,0,0.00016,0,0.00036,5,0,"Boston.com, the Boston Globe's free sister site, with a few reviews (5). Kept at T3.",
san-francisco-chronicle,San Francisco Chronicle,registry,3,3,3,3,keep (registry),11,10,1,2001-04-20,2026-09-24,4,2.5,2,0,0.00015,0,0.00081,11,0,"San Francisco Chronicle, a major regional daily with occasional reviews of NYC-bound shows. Keep T3.",
digital-spy,Digital Spy,config,4,4,4,4,keep,0,0,0,,,0,,,,,,,0,0,"Digital Spy, a UK entertainment site with no reviews in the corpus. Kept at current tier.",
